storenum,open_date,date_super,conversion,st,County Code,Address,City,State,zipcode,store type,open_dateyear,date_super2
131,11/1/1975,3/1/1990,1,48,449,2311 SOUTH JEFFERSON,Mt. Pleasant,TX,75455,Supercenter,1975,1990
146,3/1/1976,3/1/1997,1,48,459,1923 NORTH WOOD,Gilmer,TX,75644,Supercenter,1976,1997
142,5/1/1976,,,48,387,2204 HWY 82 WEST,Clarksville,TX,75426,Wal-Mart,1976,1900
148,6/1/1976,3/1/1996,1,48,277,3855 LAMAR AVENUE,Paris,TX,75460,Supercenter,1976,1996
147,7/1/1976,3/1/1995,1,48,181,401 NORTH US HWY 75,Denison,TX,75020,Supercenter,1976,1995
140,9/1/1976,7/17/2002,1,48,5,2500 DANIEL MCCALL DRIVE,Lufkin,TX,75901,Supercenter,1976,2002
163,2/1/1977,3/1/1993,1,48,347,4810 NORTH STREET,Nacogdoches,TX,75965,Supercenter,1977,1993
158,5/1/1977,3/1/1997,1,48,147,2021 NORTH HWY 121,Bonham,TX,75418,Supercenter,1977,1997
165,5/1/1977,3/1/1996,1,48,401,2121 HWY 79 SOUTH,Henderson,TX,75654,Supercenter,1977,1996
180,3/14/1978,3/1/1994,1,48,73,1311 SOUTH JACKSON,Jacksonville,TX,75766,Supercenter,1978,1994
206,3/28/1978,7/20/2005,1,48,85,2041 REDBUD BLVD,McKinney,TX,75069,Supercenter,1978,2005
181,8/8/1978,5/18/2005,1,48,37,800 JAMES BOWIE DRIVE,New Boston,TX,75570,Supercenter,1978,2005
217,9/5/1978,3/1/1999,1,48,121,801 WEST MAIN,Lewisville,TX,75067,Supercenter,1978,1999
211,9/12/1978,3/1/1998,1,48,217,401 COKE STREET,Hillsboro,TX,76645,Supercenter,1978,1998
228,9/19/1978,3/1/1995,1,48,251,1616 WEST HENDERSON,Cleburne,TX,76031,Supercenter,1978,1995
214,10/10/1978,3/1/1994,1,48,241,800 WEST GIBSON,Jasper,TX,75951,Supercenter,1978,1994
220,10/17/1978,3/1/1995,1,48,251,951 SW WILSHIRE BLVD,Burleson,TX,76028,Supercenter,1978,1995
226,10/17/1978,3/1/1997,1,48,67,201 US HWY 59 LOOP,Atlanta,TX,75551,Supercenter,1978,1997
236,2/1/1979,3/1/1998,1,48,225,1225 E LOOP 304,Crockett,TX,75835,Supercenter,1979,1998
249,3/6/1979,3/1/2000,1,48,291,831 HWY 59 SOUTH,Cleveland,TX,77327,Supercenter,1979,2000
240,6/19/1979,3/1/2000,1,48,231,2701 HWY 50,Commerce,TX,75428,Supercenter,1979,2000
251,7/10/1979,3/1/1994,1,48,499,135 NE LOOP 564,Mineola,TX,75773,Supercenter,1979,1994
260,7/17/1979,3/1/1996,1,48,139,1200 NO. HWY 77,Waxahachie,TX,75165,Supercenter,1979,1996
271,8/7/1979,8/25/2004,1,48,337,8420 US HWY 287 NO.,Bowie,TX,76230,Supercenter,1979,2004
248,8/28/1979,3/1/2000,1,48,293,1406 EAST MILAM,Mexia,TX,76667,Supercenter,1979,2000
259,8/28/1979,3/1/1996,1,48,397,782 INTERSTATE 30,Rockwall,TX,75087,Supercenter,1979,1996
265,9/25/1979,3/1/1997,1,48,257,1900 WEST MOORE AVE,Terrell,TX,75160,Supercenter,1979,1997
284,9/25/1979,3/1/1998,1,48,439,930 N WALNUT CREEK DRIVE,Mansfield,TX,76063,Supercenter,1979,1998
285,9/25/1979,3/1/1994,1,48,471,141 INTER STATE 45 SOUTH,Huntsville,TX,77320,Supercenter,1979,1994
275,10/23/1979,3/1/1995,1,48,373,1620 WEST CHURCH,Livingston,TX,77351,Supercenter,1979,1995
77,10/30/1979,7/21/2004,1,48,491,3701 NORTH MAIN ST.,Taylor,TX,76574,Supercenter,1979,2004
280,10/30/1979,3/23/2005,1,48,331,709 WEST HWY 79,Rockdale,TX,76567,Supercenter,1979,2005
288,10/30/1979,1/26/2005,1,48,457,115 COBB MILL ROAD,Woodville,TX,75979,Supercenter,1979,2005
286,12/4/1979,10/16/2002,1,48,139,700 EAST ENNIS AVE.,Ennis,TX,75119,Supercenter,1979,2002
283,2/26/1980,,,48,361,795 TX AVE,Bridge City,TX,77611,Wal-Mart,1980,1900
293,5/28/1980,,,48,185,1712 EAST WASHINGTON,Navasota,TX,77868,Wal-Mart,1980,1900
266,6/24/1980,10/29/2003,1,48,439,1601 WEST STATE HIGHWAY 114,Grapevine,TX,76051,Supercenter,1980,2003
290,7/1/1980,,,48,177,US 90A & ROBERTSON ST,Gonzales,TX,78629,Wal-Mart,1980,1900
292,8/12/1980,,,48,55,1703 SOUTH COLORADO STREET,Lockhart,TX,78644,Wal-Mart,1980,1900
320,10/14/1980,,,48,145,TEXAS HWY 6 & 7 EAST BYPASS,Marlin,TX,76661,Wal-Mart,1980,1900
321,11/11/1980,3/1/1995,1,48,477,203 US LOOP 290 WEST,Brenham,TX,77833,Supercenter,1980,1995
330,11/11/1980,3/1/1994,1,48,469,9002 NORTH NAVARRO,Victoria,TX,77904,Supercenter,1980,1994
364,3/31/1981,1/26/2005,1,48,419,810 HURST STREET,Center,TX,75935,Supercenter,1981,2005
353,6/2/1981,10/26/2005,1,48,503,2121 HWY 16 SOUTH,Graham,TX,76450,Supercenter,1981,2005
383,7/8/1981,4/14/2004,1,48,199,1100 NO. HIGHWAY 96,Silsbee,TX,77656,Supercenter,1981,2004
385,7/28/1981,,,48,123,1202 E BROADWAY,Cuero,TX,77954,Wal-Mart,1981,1900
381,8/4/1981,3/1/1995,1,48,99,2720 EAST HWY 190,Copperas Cove,TX,76522,Supercenter,1981,1995
297,9/1/1981,3/1/2000,1,48,339,23561 US HWY 59,Porter,TX,77365,Supercenter,1981,2000
371,9/29/1981,3/1/1995,1,48,221,735 HWY 377 EAST,Granbury,TX,76048,Supercenter,1981,1995
344,10/20/1981,3/17/2004,1,48,481,3413 WEST LOOP,El Campo,TX,77437,Supercenter,1981,2004
395,11/3/1981,3/1/1994,1,48,215,2410 EAST EXPRESSWAY 83,Mission,TX,78572,Supercenter,1981,1994
429,11/3/1981,3/1/1994,1,48,215,1724 W UNIVERSITY DRIVE,Edinburg,TX,78539,Supercenter,1981,1994
397,11/17/1981,3/1/1998,1,48,215,1200 E. JACKSON AVE.,McAllen,TX,78503,Supercenter,1981,1998
384,12/1/1981,4/14/2004,1,48,199,100 NO. LHS DRIVE,Lumberton,TX,77657,Supercenter,1981,2004
399,12/1/1981,8/25/2004,1,48,183,2440 GILMER ROAD,Longview,TX,75604,Supercenter,1981,2004
407,12/1/1981,3/1/1999,1,48,27,1400 LOWE'S BLVD.,Killeen,TX,76542,Supercenter,1981,1999
404,3/2/1982,3/1/1996,1,48,209,1015 HWY 80,San Marcos,TX,78666,Supercenter,1982,1996
442,4/20/1982,3/1/1996,1,48,273,1133 E GEN'L CAVAZOS BLVD,Kingsville,TX,78363,Supercenter,1982,1996
452,4/20/1982,,,48,215,4001 NORTH 23RD,McAllen,TX,78504,Wal-Mart,1982,1900
398,5/4/1982,3/1/1993,1,48,183,515 E LOOP 281,Longview,TX,75605,Supercenter,1982,1993
413,5/18/1982,5/18/2005,1,48,61,1401 WEST HWY 100,Port Isabel,TX,78578,Supercenter,1982,2005
420,5/31/1982,3/1/2000,1,48,485,2700 CENTRAL FREEWAY,Wichita Falls,TX,76305,Supercenter,1982,2000
322,6/29/1982,3/1/1994,1,48,41,2200 BRIARCREST DRVE,Bryan,TX,77802,Supercenter,1982,1994
414,6/29/1982,,,48,485,106 S RED RIVER EXPRESSWAY,Burkburnett,TX,76354,Wal-Mart,1982,1900
421,6/29/1982,3/1/1995,1,48,497,800 S US HWY 81/287,Decatur,TX,76234,Supercenter,1982,1995
408,7/13/1982,2/20/2002,1,48,245,8585 MEMORIAL BLVD,Nederland,TX,77642,Supercenter,1982,2002
345,8/3/1982,3/1/1994,1,48,1,2223 SOUTH LOOP 256,Palestine,TX,75801,Supercenter,1982,1994
461,8/17/1982,10/30/2002,1,48,323,496 SOUTH BIBB ST.,Eagle Pass,TX,78852,Supercenter,1982,2002
440,8/31/1982,10/27/2004,1,48,7,2401 HWY 35 NORTH,Rockport,TX,78382,Supercenter,1982,2004
463,8/31/1982,,,48,25,2201 NORTH SAINT MARY,Beeville,TX,78102,Wal-Mart,1982,1900
437,9/21/1982,,,48,15,2200 HIGHWAY 36 SOUTH,Sealy,TX,77474,Wal-Mart,1982,1900
427,10/5/1982,3/1/1994,1,48,231,7401 INTERSTATE 30,Greenville,TX,75402,Supercenter,1982,1994
443,10/5/1982,,,48,325,103 19TH STREET,Hondo,TX,78861,Wal-Mart,1982,1900
456,10/5/1982,3/14/2001,1,48,61,3500 W ALTON GLOOR BLVD,Brownsville,TX,78520,Supercenter,1982,2001
462,10/5/1982,5/16/2001,1,48,39,400 SOUTH BYPASS 35,Alvin,TX,77511,Supercenter,1982,2001
464,10/5/1982,3/1/1994,1,48,355,3829 US HWY 77,Corpus Christi,TX,78410,Supercenter,1982,1994
470,10/5/1982,3/1/1996,1,48,355,1821 SOUTH PADRE ISLAND DR,Corpus Christi,TX,78416,Supercenter,1982,1996
471,10/5/1982,3/1/1999,1,48,113,150 NORTH BECKLEY,Lancaster,TX,75146,Supercenter,1982,1999
458,11/2/1982,3/14/2001,1,48,409,2501 WEST WHEELER,Aransas Pass,TX,78336,Supercenter,1982,2001
474,11/2/1982,,,48,239,1002 NORTH WELLS,Edna,TX,77957,Wal-Mart,1982,1900
447,11/16/1982,5/15/2002,1,48,465,2410 DODSON ST,Del Rio,TX,78840,Supercenter,1982,2002
465,11/16/1982,,,48,493,534 10TH STREET,Floresville,TX,78114,Wal-Mart,1982,1900
467,11/16/1982,3/1/1996,1,48,121,1515 SOUTH LOOP 288,Denton,TX,76208,Supercenter,1982,1996
426,11/30/1982,3/1/1998,1,48,121,4691 STATE HWY 121,The Colony,TX,75056,Supercenter,1982,1998
475,11/30/1982,3/1/1995,1,48,491,2701 SOUTH IH-35,Round Rock,TX,78664,Supercenter,1982,1995
457,3/1/1983,,,48,361,1350 NORTH MAIN,Vidor,TX,77662,Wal-Mart,1983,1900
490,3/29/1983,,,48,355,10241 SOUTH PADRE ISLAND DRIVE,Corpus Christi,TX,78418,Wal-Mart,1983,1900
473,4/5/1983,,,48,287,US HWY 290/2374 E AUSTIN,Giddings,TX,78942,Wal-Mart,1983,1900
508,4/5/1983,3/1/1995,1,48,265,1216 JUNCTION HWY,Kerrville,TX,78028,Supercenter,1983,1995
417,5/3/1983,3/1/1994,1,48,223,1750 S. BROADWAY,Sulpher Springs,TX,75482,Supercenter,1983,1994
449,5/3/1983,5/21/2003,1,48,245,4999 TWIN CITY HWY,Groves,TX,77642,Supercenter,1983,2003
527,5/3/1983,3/1/1994,1,48,39,1801 N VELASCO,Angleton,TX,77515,Supercenter,1983,1994
535,5/3/1983,3/1/1996,1,48,441,4350 SOUTHWEST DR,Abilene,TX,79606,Supercenter,1983,1996
536,5/3/1983,8/24/2005,1,48,441,1650 STATE HWY 351,Abilene,TX,79601,Supercenter,1983,2005
412,5/24/1983,3/1/1995,1,48,213,1405 EAST TYLER,Athens,TX,75751,Supercenter,1983,1995
537,6/7/1983,3/1/1994,1,48,135,4210 JOHN BEN SHEPHERD PKWY,Odessa,TX,79762,Supercenter,1983,1994
554,6/7/1983,,,48,479,5610 SAN BERNARDO AVE,Laredo,TX,78041,Wal-Mart,1983,1900
476,7/1/1983,5/18/2005,1,48,99,2805 SO. HWY 36,Gatesville,TX,76528,Supercenter,1983,2005
529,7/1/1983,4/16/2003,1,48,167,6410 I-45,Texas City,TX,77568,Supercenter,1983,2003
503,8/2/1983,,,48,89,2103 MILAM STREET,Columbus,TX,78934,Wal-Mart,1983,1900
504,8/2/1983,3/1/1995,1,48,167,6702 SEAWALL BLVD,Galveston,TX,77551,Supercenter,1983,1995
513,8/16/1983,3/1/1995,1,48,227,201 WEST MARCY,Big Spring,TX,79720,Supercenter,1983,1995
524,8/16/1983,,,48,255,337 N SUNSET,Kenedy,TX,78119,Wal-Mart,1983,1900
516,10/4/1983,3/1/1994,1,48,213,1200 WEST MAIN,Gun Barrel City,TX,75156,Supercenter,1983,1994
546,10/4/1983,3/1/1993,1,48,157,5330 FM1640,Richmond,TX,77469,Supercenter,1983,1993
561,10/4/1983,10/26/2005,1,48,133,1410 E. MAIN ST.,Eastland,TX,76448,Supercenter,1983,2005
400,10/18/1983,3/1/1996,1,48,339,1407 LOOP 336 WEST,Conroe,TX,77304,Supercenter,1983,1996
565,10/18/1983,8/20/2003,1,48,349,3801 WEST HWY 31,Corsicana,TX,75110,Supercenter,1983,2003
523,11/29/1983,,,48,365,423 W LOOP 436,Carthage,TX,75633,Wal-Mart,1983,1900
438,2/1/1984,,,48,429,3732 WEST WALKER,Breckenridge,TX,76424,Wal-Mart,1984,1900
478,3/6/1984,,,48,163,819 N OAK STREET,Pearsall,TX,78061,Wal-Mart,1984,1900
522,3/20/1984,4/14/2004,1,48,201,14215 FM 2100,Crosby,TX,77532,Supercenter,1984,2004
752,3/20/1984,10/27/2004,1,48,201,5200 FAIRMONT PKWY.,Pasadena,TX,77505,Supercenter,1984,2004
446,4/3/1984,,,48,313,1620 EAST MAIN,Madisonville,TX,77864,Wal-Mart,1984,1900
567,4/3/1984,,,48,51,475 STATE HIGHWAY 36 N,Caldwell,TX,77836,Wal-Mart,1984,1900
602,4/3/1984,,,48,339,610 SAWDUST ROAD,The Woodlands,TX,77380,Wal-Mart,1984,1900
610,4/3/1984,3/1/1994,1,48,143,2765 W WASHINGTON,Stephenville,TX,76401,Supercenter,1984,1994
755,5/1/1984,3/1/1994,1,48,381,4610 SOUTH COULTER,Amarillo,TX,79121,Supercenter,1984,1994
746,5/22/1984,3/1/2002,1,48,27,3401 S. 31ST STREET,Temple,TX,76502,Supercenter,1984,2002
572,6/5/1984,3/19/2003,1,48,183,1201 STONE STREET,Kilgore,TX,75662,Supercenter,1984,2003
608,6/29/1984,3/1/1994,1,48,329,4517 NORTH MIDLAND DRIVE,Midland,TX,79707,Supercenter,1984,1994
651,6/29/1984,3/1/1995,1,48,245,4145 NORTH DOWLEN ROAD,Beaumont,TX,77706,Supercenter,1984,1995
482,7/17/1984,,,48,39,301 N COLUMBIA DR,West Columbia,TX,77486,Wal-Mart,1984,1900
600,7/17/1984,10/27/2004,1,48,179,2801 NO. CHARLES ST.,Pampa,TX,79065,Supercenter,1984,2004
500,8/2/1984,3/1/2000,1,48,141,4530 WOODROW BEAN TRANSMTN DR.,El Paso,TX,79924,Supercenter,1984,2000
512,8/2/1984,8/20/2003,1,48,141,10727 GATEWAY BLVD WEST,El Paso,TX,79935,Supercenter,1984,2003
590,8/31/1984,4/21/2004,1,48,439,6300 OAKMONT BLVD (HULEN),Ft. Worth,TX,76132,Supercenter,1984,2004
601,8/31/1984,3/1/1994,1,48,451,5501 SHERWOOD WAY,San Angelo,TX,76904,Supercenter,1984,1994
597,9/18/1984,3/1/1999,1,48,201,7075 FM 1960 RD WEST,Houston,TX,77069,Supercenter,1984,1999
595,10/2/1984,3/1/1994,1,48,61,1801 WEST LINCOLN AVE,Harlingen,TX,78552,Supercenter,1984,1994
626,10/2/1984,,,48,165,2000 HOBBS HIGHWAY,Seminole,TX,79360,Wal-Mart,1984,1900
757,10/2/1984,3/1/1999,1,48,13,2151 WEST OAKLAWN,Pleasanton,TX,78064,Supercenter,1984,1999
703,10/16/1984,3/1/1999,1,48,201,27650 TOMBALL PKWY,Tomball,TX,77375,Supercenter,1984,1999
744,10/16/1984,10/16/2002,1,48,201,6626 FM 1960 EAST,Atascocita,TX,77346,Supercenter,1984,2002
768,10/23/1984,5/23/2001,1,48,201,1313 FRY ROAD,Katy,TX,77449,Supercenter,1984,2001
765,11/29/1984,3/1/2002,1,48,29,16503 NACOGDOCHES ROAD,San Antonio,TX,78247,Supercenter,1984,2002
194,1/22/1985,7/18/2001,1,48,201,4900 GARTH ROAD,Baytown,TX,77520,Supercenter,1985,2001
777,7/2/1985,3/1/1996,1,48,361,3115 EDGAR BROWN DR,West Orange,TX,77630,Supercenter,1985,1996
781,7/16/1985,3/1/1995,1,48,53,2700 HIGHWAY 281 NORTH,Marble Falls,TX,78654,Supercenter,1985,1995
791,7/16/1985,5/19/2004,1,48,249,2701 EAST MAIN,Alice,TX,78332,Supercenter,1985,2004
812,7/16/1985,3/17/2004,1,48,341,2003 SOUTH DUMAS AVENUE,Dumas,TX,79029,Supercenter,1985,2004
782,8/20/1985,10/27/2004,1,48,463,3100 EAST MAIN,Uvalde,TX,78801,Supercenter,1985,2004
804,8/30/1985,8/24/2005,1,48,363,601 NO. FM 1821,Mineral Wells,TX,76067,Supercenter,1985,2005
827,8/30/1985,3/1/1996,1,48,467,603 HWY 243 EAST,Canton,TX,75103,Supercenter,1985,1996
793,10/1/1985,3/23/2005,1,48,381,1701 NORTH 23RD ST,Canyon,TX,79015,Supercenter,1985,2005
813,10/8/1985,3/1/1994,1,48,49,401 W COMMERCE,Brownwood,TX,76801,Supercenter,1985,1994
846,10/15/1985,,,48,149,2125 WEST TRAVIS,Lagrange,TX,78945,Wal-Mart,1985,1900
772,10/22/1985,10/29/2003,1,48,201,3506 S. HWY 6 SOUTH,Houston,TX,77082,Supercenter,1985,2003
789,10/29/1985,3/1/1999,1,48,113,200 U.S. HWY 80 EAST,Mesquite,TX,75149,Supercenter,1985,1999
807,10/29/1985,3/1/1999,1,48,439,6401 NE LOOP 820,North Richland Hills,TX,76180,Supercenter,1985,1999
808,11/12/1985,3/1/1994,1,48,39,121 HWY 332 WEST,Lake Jackson,TX,77566,Supercenter,1985,1994
861,11/12/1985,3/1/1996,1,48,303,4215 SOUTH LOOP 289,Lubbock,TX,79423,Supercenter,1985,1996
822,1/21/1986,3/1/1994,1,48,375,3700 I-40 EAST,Amarillo,TX,79103,Supercenter,1986,1994
865,1/21/1986,3/1/1996,1,48,91,1209 IH-35 SOUTH,New Braunfalls,TX,78130,Supercenter,1986,1996
849,2/4/1986,3/1/1999,1,48,201,155 L0UETTA CROSSING,Spring,TX,77373,Supercenter,1986,1999
883,2/4/1986,10/26/2005,1,48,489,14091 FM 490,Raymondville,TX,78580,Supercenter,1986,2005
897,3/5/1986,,,48,371,1700 WEST DICKINSON,Ft. Stockton,TX,79735,Wal-Mart,1986,1900
901,3/18/1986,3/1/1995,1,48,187,550 SOUTH 123 BYPASS,Sequin,TX,78155,Supercenter,1986,1995
872,4/1/1986,9/14/2005,1,48,39,1919 NORTH MAIN,Pearland,TX,77581,Supercenter,1986,2005
918,4/1/1986,3/1/1994,1,48,203,1701 EAST END BLVD N,Marshall,TX,75670,Supercenter,1986,1994
898,5/20/1986,,,48,389,1903 SOUTH CEDAR,Pecos,TX,79772,Wal-Mart,1986,1900
900,6/3/1986,,,48,75,2211 AVENUE F NORTHWEST,Childress,TX,79201,Wal-Mart,1986,1900
945,7/1/1986,3/1/1995,1,48,303,702 WEST LOOP 289,Lubbock,TX,79416,Supercenter,1986,1995
917,7/8/1986,,,48,307,2309 SOUTH BRIDGE,Brady,TX,76825,Wal-Mart,1986,1900
940,7/15/1986,,,48,439,1401 SOUTH CHERRY LANE,White Settlement,TX,76108,Wal-Mart,1986,1900
915,8/5/1986,3/1/1999,1,48,157,11210 W AIRPORT BLVD,Stafford,TX,77477,Supercenter,1986,1999
927,8/5/1986,7/21/2004,1,48,189,1501 NORTH I-27,Plainview,TX,79072,Supercenter,1986,2004
947,8/19/1986,3/1/1995,1,48,181,401 EAST HWY 82,Sherman,TX,75090,Supercenter,1986,1995
896,9/2/1986,6/20/2001,1,48,439,2225 W INTERSTATE 20,Grand Prairie,TX,75052,Supercenter,1986,2001
939,9/2/1986,3/1/1998,1,48,309,4320 FRANKLIN AVE,Waco,TX,76710,Supercenter,1986,1998
949,9/2/1986,3/17/2004,1,48,113,3155 W. WHEATLAND  ROAD,Duncanville,TX,75237,Supercenter,1986,2004
951,9/2/1986,,,48,473,625 HWY 290 EAST,Hempstead,TX,77445,Wal-Mart,1986,1900
926,9/16/1986,,,48,47,RT 2/BOX 200/US HWY 281 SOUTH,Falfurrias,TX,78355,Wal-Mart,1986,1900
880,11/11/1986,10/29/2003,1,48,113,4100 WEST AIRPORT FREEWAY,Irving,TX,75061,Supercenter,1986,2003
963,1/13/1987,3/1/1994,1,48,367,1836 S. MAIN STREET,Weatherford,TX,76086,Supercenter,1987,1994
1050,1/13/1987,,,48,115,2406 LUBBOCK,Lamesa,TX,79331,Wal-Mart,1987,1900
1051,1/13/1987,4/14/2004,1,48,219,407 EAST HWY 114,Levelland,TX,79336,Supercenter,1987,2004
964,2/3/1987,3/1/2004,1,48,141,9441 ALAMEDA AVE,El Paso,TX,79907,Supercenter,1987,2004
972,2/3/1987,3/1/2000,1,48,439,6360 LAKE WORTH BLVD,Lake Worth,TX,76135,Supercenter,1987,2000
1000,2/3/1987,,,48,61,2721 BOCA CHICA BLVD,Brownsville,TX,78521,Wal-Mart,1987,1900
1015,3/31/1987,3/1/1998,1,48,141,7555 N. MESA,El Paso,TX,79912,Supercenter,1987,1998
1073,4/28/1987,3/17/2004,1,48,281,1710 CENTRAL TEXAS EXPRESSWAY,Lampasas,TX,76550,Supercenter,1987,2004
1041,5/12/1987,5/18/2005,1,48,215,1310 NORTH TEXAS BLVD,Weslaco,TX,78596,Supercenter,1987,2005
1042,5/12/1987,3/1/1995,1,48,21,488 HWY 71 WEST,Bastrop,TX,78602,Supercenter,1987,1995
1046,5/12/1987,,,48,127,2214 N. FIRST STREET,Carrizo Springs,TX,78834,Wal-Mart,1987,1900
1022,6/16/1987,6/16/2004,1,48,423,3820 HWY 64 WEST,Tyler,TX,75704,Supercenter,1987,2004
1044,6/16/1987,,,48,423,3900 TROUP HWY,Tyler,TX,75703,Wal-Mart,1987,1900
1067,6/30/1987,,,48,285,1506 NORTH TEXANA,Hallettsville,TX,77964,Wal-Mart,1987,1900
1078,6/30/1987,,,48,399,2305 HWY 67 WEST,Ballinger,TX,76821,Wal-Mart,1987,1900
1040,8/4/1987,3/19/2003,1,48,201,15955 FM 529 ROAD,Houston,TX,77095,Supercenter,1987,2003
1055,9/1/1987,5/15/2002,1,48,113,5302 NO. GARLAND AVE.,Garland,TX,75044,Supercenter,1987,2002
1062,10/1/1987,3/1/2002,1,48,201,150 W. EL DORADO BLVD,Webster,TX,77546,Supercenter,1987,2002
1103,10/20/1987,10/30/2002,1,48,201,3450 FM 1960 WEST,Houston,TX,77068,Supercenter,1987,2002
1092,11/3/1987,,,48,445,1405 TAHOKA ROAD,Brownfield,TX,79316,Wal-Mart,1987,1900
1098,11/17/1987,5/18/2005,1,48,57,400 TINEY BROWNING BLVD,Port Lavaca,TX,77979,Supercenter,1987,2005
1118,11/17/1987,,,48,113,12300 LAKE JUNE RD,Balch Springs,TX,75180,Wal-Mart,1987,1900
1126,11/17/1987,8/14/2002,1,48,259,1381 SO. MAIN STREET,Boerne,TX,78006,Supercenter,1987,2002
1800,12/26/1987,3/1/1994,1,48,113,3159 GARLAND AVENUE,Garland,TX,75041,Supercenter,1987,1994
1117,12/31/1987,4/23/2003,1,48,85,6001 CENTRAL EXPRESSWAY,Plano,TX,75023,Supercenter,1987,2003
1178,3/1/1988,10/23/2002,1,48,439,4101 HWY 121,Bedford,TX,76021,Supercenter,1988,2002
1137,4/12/1988,,,48,201,13750 I-10 EAST,Houston,TX,77015,Wal-Mart,1988,1900
1154,4/12/1988,7/20/2005,1,48,171,1435 EAST MAIN ST,Fredericksburg,TX,78624,Supercenter,1988,2005
1150,5/3/1988,,,48,41,1815 BROTHERS BLVD,College Station,TX,77845,Wal-Mart,1988,1900
1185,6/2/1988,8/13/2003,1,48,453,1030 NORWOOD PARK BD,Austin,TX,78753,Supercenter,1988,2003
1186,6/30/1988,,,48,291,2801 NORTH MAIN STREET,Liberty,TX,77575,Wal-Mart,1988,1900
1801,8/15/1988,3/1/1994,1,48,439,4801 SOUTH COOPER STREET,Arlington,TX,76017,Supercenter,1988,1994
1198,10/3/1988,3/1/2002,1,48,29,1515 N FM 1604 EAST,San Antonio,TX,78258,Supercenter,1988,2002
1216,10/3/1988,3/1/2002,1,48,113,1213 E. TRINITY MILLS ROAD,Carrollton,TX,75006,Supercenter,1988,2002
1232,10/3/1988,3/23/2005,1,48,27,2604 NORTH MAIN ST,Belton,TX,76513,Supercenter,1988,2005
1235,10/3/1988,,,48,29,5025 LOOP 410 NORTHWEST,San Antonio,TX,78229,Wal-Mart,1988,1900
1148,11/1/1988,3/1/2000,1,48,485,3130 LAWRENCE RD,Wichita Falls,TX,76308,Supercenter,1988,2000
1129,11/17/1988,3/1/1997,1,48,491,13201 FM 620 ROAD NORTH,Austin ,TX,78729,Supercenter,1988,1997
1253,12/31/1988,5/25/2005,1,48,453,710 EAST BEN WHITE BLVD,Austin ,TX,78704,Supercenter,1988,2005
1254,12/31/1988,3/1/1996,1,48,309,1521 I-35 EAST,Bellmead,TX,76705,Supercenter,1988,1996
1249,2/2/1989,,,48,451,3020 N BRYANT BLVD,San Angelo,TX,76903,Wal-Mart,1989,1900
1257,2/2/1989,,,48,207,1608 NORTH SWENSON,Stamford,TX,79553,Wal-Mart,1989,1900
1296,2/2/1989,10/30/2002,1,48,61,1126 WEST BUSINESS 77,San Benito,TX,78586,Supercenter,1989,2002
1272,4/3/1989,,,48,415,4515 COLLEGE AVENUE,Snyder,TX,79549,Wal-Mart,1989,1900
1279,5/2/1989,3/1/2000,1,48,201,10411 N FREEWAY 45,Houston,TX,77037,Supercenter,1989,2000
1303,8/1/1989,8/20/2003,1,48,491,620 SOUTH IH 35,Georgetown,TX,78626,Supercenter,1989,2003
1313,8/31/1989,4/14/2004,1,48,29,1200 S.E. MILITARY DRIVE,San Antonio ,TX,78214,Supercenter,1989,2004
1347,8/31/1989,10/29/2003,1,48,29,1430 AUSTIN HIGHWAY,San Antonio,TX,78209,Supercenter,1989,2003
1409,4/2/1990,,,48,201,10750 WESTVIEW DRIVE,Houston,TX,77043,Wal-Mart,1990,1900
1455,5/30/1990,3/1/1999,1,48,439,8401 ANDERSON ST.,Fort Worth,TX,76120,Supercenter,1990,1999
1405,8/1/1990,,,48,321,4703 7TH STREET,Bay City,TX,77414,Wal-Mart,1990,1900
1516,8/1/1990,,,48,233,1404 WEST WILSON,Borger,TX,79007,Wal-Mart,1990,1900
1494,10/1/1990,,,48,355,4833 SOUTH PADRE ISLAND DRIVE,Corpus Christi,TX,78411,Wal-Mart,1990,1900
1837,11/25/1992,8/20/2003,1,48,201,9451 FM 1960 BYPASS,Humble,TX,77338,Supercenter,1992,2003
1958,4/30/1993,4/30/1993,0,48,427,4534 E HWY 83,Rio Grand City,TX,78582,Supercenter,1993,1993
185,7/21/1993,3/1/2002,1,48,97,1800 LAWRENCE ST.,Gainesville,TX,76240,Supercenter,1993,2002
2105,1/4/1994,,,48,113,13307 MIDWAY ROAD,Farmer's Branch,TX,75244,Wal-Mart,1994,1900
2086,4/26/1994,,,48,85,1901 PRESTON ROAD,Plano,TX,75093,Wal-Mart,1994,1900
2133,4/26/1994,,,48,453,5017 US HWY 290 WEST,Austin,TX,78735,Wal-Mart,1994,1900
2201,4/26/1994,4/23/2003,1,48,141,7101 GATEWAY BLVD,El Paso,TX,79925,Supercenter,1994,2003
2066,7/26/1994,5/22/2002,1,48,201,2727 DUNVALE ROAD,Westheimer,TX,77063,Supercenter,1994,2002
2123,1/25/1995,1/25/1995,1,48,37,4000 NEW BOSTON ROAD,Texarkana,TX,75501,Supercenter,1995,1995
2239,1/31/1995,5/18/2005,1,48,29,8923 W. MILITARY DRIVE,San Antonio,TX,78245,Supercenter,1995,2005
2257,1/31/1995,,,48,201,13484 NORTHWEST FREEWAY,Houston,TX,77040,Wal-Mart,1995,1900
2427,11/1/1995,,,48,113,13739 N CENTRAL EXPRESSWAY,Dallas,TX,75243,Wal-Mart,1995,1900
2404,12/30/1995,,,48,29,8500 JONES MALTSBURGER,San Antonio ,TX,78216,Wal-Mart,1995,1900
2505,8/28/1996,3/1/2002,1,48,157,5501 HWY 6,Missouri City,TX,77459,Supercenter,1996,2002
2599,3/18/1998,8/29/2001,1,48,29,5555 DE ZAVALA ROAD,San Antonio,TX,78249,Supercenter,1998,2001
2612,5/20/1998,5/20/1998,1,48,141,1850 NORTH ZARAGOZA RD,El Paso ,TX,79936,Supercenter,1998,1998
2667,10/28/1998,10/28/1998,1,48,113,7401 SAMUELL BLVD,Dallas,TX,75228,Supercenter,1998,1998
2688,10/28/1998,10/28/1998,1,48,423,6801 SOUTH BROADWAY,Tyler,TX,75703,Supercenter,1998,1998
2724,9/15/1999,9/15/1999,1,48,201,1107 SOUTH SHAVER STREET,Pasadena,TX,77506,Supercenter,1999,1999
2718,10/27/1999,,,48,201,9555 SO. POST OAK ROAD,Houston,TX,77096,Wal-Mart,1999,1900
2649,1/26/2000,1/26/2000,1,48,113,1635 MARKET PLACE BLVD.,Irving,TX,75063,Supercenter,2000,2000
2864,6/14/2000,6/14/2000,1,48,29,6703 EAST LESLIE ROAD,San Antonio,TX,78254,Supercenter,2000,2000
2891,6/14/2000,6/14/2000,1,48,135,2450 WEST LOOP 338,Odessa,TX,79763,Supercenter,2000,2000
2883,7/12/2000,7/12/2000,1,48,85,8801 OHIO DRIVE,Plano,TX,75024,Supercenter,2000,2000
2926,10/25/2000,10/25/2000,1,48,85,6000 COIT RD,Plano ,TX,75023,Supercenter,2000,2000
3213,1/24/2001,1/24/2001,1,48,339,3040 COLLEGE PARK DRIVE,The Woodlands ,TX,77384,Supercenter,2001,2001
3229,1/24/2001,1/24/2001,1,48,487,3800 HWY 287 WEST,Vernon,TX,76384,Supercenter,2001,2001
2978,2/28/2001,2/28/2001,1,48,439,7451 MCCART AVENUE,Fort Worth ,TX,76133,Supercenter,2001,2001
2993,2/28/2001,2/28/2001,1,48,157,345 HWY 6,Sugar Land,TX,77478,Supercenter,2001,2001
3224,2/28/2001,2/28/2001,1,48,113,555 WEST I-30,Garland ,TX,75043,Supercenter,2001,2001
2996,3/14/2001,3/14/2001,0,48,121,18121 MARSH LANE,Dallas,TX,75287,Supercenter,2001,2001
3225,3/14/2001,3/14/2001,0,48,113,2501 LAKEVIEW PKWY,Rowlett,TX,75089,Supercenter,2001,2001
3226,3/14/2001,3/14/2001,0,48,201,25108 MARKET PLACE DRIVE,Houston,TX,77494,Supercenter,2001,2001
3297,9/19/2001,9/19/2001,1,48,201,12353 FM 1960 WEST,Houston,TX,77065,Supercenter,2001,2001
2991,10/24/2001,10/24/2001,1,48,491,201 WALTON WAY,Cedar Park,TX,78613,Supercenter,2001,2001
3286,10/24/2001,10/24/2001,1,48,121,1035 HICKORY CREEK BLVD,Hickory Creek,TX,76210,Supercenter,2001,2001
3296,1/23/2002,1/23/2002,0,48,201,2700 SOUTH KIRKWOOD DRIVE,Houston,TX,77077,Supercenter,2002,2002
3298,3/2/2002,3/2/2002,0,48,167,255 FM 518,Kemah,TX,77565,Supercenter,2002,2002
3482,5/15/2002,5/15/2002,0,48,85,425 COIT ROAD,Plano,TX,75075,Supercenter,2002,2002
3518,7/17/2002,7/17/2002,1,48,479,2320 BOB BULLOCK LOOP,Laredo ,TX,78043,Supercenter,2002,2002
3274,8/14/2002,8/14/2002,1,48,439,9101 NORTH TARRANT PARKWAY,N.Richland Hills,TX,76180,Supercenter,2002,2002
3279,9/18/2002,9/18/2002,0,48,29,2100 LOOP 410 SE,San Antonio ,TX,78220,Supercenter,2002,2002
3285,9/18/2002,9/18/2002,0,48,113,621 UPTOWN BLVD,Cedar Hill,TX,75104,Supercenter,2002,2002
3500,9/18/2002,9/18/2002,0,48,201,5655 EAST SAM HOUSTON PKWY N,Houston,TX,77015,Supercenter,2002,2002
3510,9/18/2002,9/18/2002,0,48,39,1710 BROADWAY STREET,Pearland ,TX,77581,Supercenter,2002,2002
3572,3/19/2003,3/19/2003,0,48,39,10505 BROADWAY,Houston,TX,77584,Supercenter,2003,2003
3591,4/16/2003,4/16/2003,0,48,339,18700 STATE HIGHWAY 105 WEST,Conroe,TX,77356,Supercenter,2003,2003
5045,6/18/2003,6/18/2003,0,48,201,22605 TOMBALL PARKWAY,Houston,TX,77375,Supercenter,2003,2003
5080,6/18/2003,6/18/2003,0,48,439,1732 PRECINCT LINE ROAD,Hurst,TX,76054,Supercenter,2003,2003
5116,8/20/2003,8/20/2003,0,48,201,9025 SPENCER HIGHWAY,Deer Park,TX,77571,Supercenter,2003,2003
5147,8/20/2003,8/20/2003,0,48,113,1521 NORTH COCKRELL HILL ROAD,Dallas,TX,75211,Supercenter,2003,2003
3569,10/3/2003,10/3/2003,0,48,453,12900 NO. I-35 SVC RD SB,Austin,TX,78753,Supercenter,2003,2003
5092,10/29/2003,10/29/2003,0,48,121,190 EAST FM 3040,Lewisville,TX,75067,Supercenter,2003,2003
5144,10/29/2003,10/29/2003,0,48,29,8315 FM 78,San Antonio,TX,78109,Supercenter,2003,2003
5145,10/29/2003,10/29/2003,0,48,29,1603 VANCE JACKSON ROAD,San Antonio,TX,78213,Supercenter,2003,2003
5146,1/21/2004,1/21/2004,0,48,29,8030 BANDERA ROAD,San Antonio,TX,78250,Supercenter,2004,2004
5165,1/21/2004,1/21/2004,0,48,215,1421 WEST FRONTAGE ROAD,Alamo,TX,78516,Supercenter,2004,2004
5216,1/21/2004,1/21/2004,0,48,375,5730 WEST AMARILLO BLVD,Amarillo,TX,79106,Supercenter,2004,2004
5246,1/21/2004,1/21/2004,0,48,481,1255 HIGHWAY 59 LOOP,Wharton,TX,77488,Supercenter,2004,2004
5211,4/14/2004,4/14/2004,0,48,85,5001 MCKINNEY RANCH PARKWAY,McKinney,TX,75070,Supercenter,2004,2004
5287,4/14/2004,4/14/2004,0,48,201,21150 KUYKENDAHL ROAD,The Woodlands,TX,77379,Supercenter,2004,2004
5288,4/14/2004,4/14/2004,0,48,113,220 NORTH HIGHWAY 175,Seagoville,TX,75159,Supercenter,2004,2004
2980,5/19/2004,5/19/2004,0,48,439,8520 NORTH BEACH STREET,Forth Worth,TX,76137,Supercenter,2004,2004
5091,5/19/2004,5/19/2004,0,48,201,26270 NORTHWEST FREEWAY,Houston ,TX,77429,Supercenter,2004,2004
5389,7/21/2004,7/21/2004,0,48,309,600 HEWITT DRIVE,Waco,TX,76712,Supercenter,2004,2004
5210,8/25/2004,8/25/2004,0,48,85,2050 NORTH HIGHWAY 78,Wylie,TX,75098,Supercenter,2004,2004
5312,8/25/2004,8/25/2004,0,48,439,3851 AIRPORT FREEWAY,Ft. Worth ,TX,76111,Supercenter,2004,2004
5316,10/27/2004,10/27/2004,0,48,439,1401 NORTH SAGINAW BLVD,Saginaw,TX,76179,Supercenter,2004,2004
3381,1/26/2005,1/26/2005,0,48,353,407 N.E. GEORGIA AVENUE,Sweetwater,TX,79556,Supercenter,2005,2005
3384,1/26/2005,1/26/2005,0,48,117,300 WEST 15TH STREET,Hereford,TX,79045,Supercenter,2005,2005
5460,1/26/2005,1/26/2005,0,48,409,2000 US HIGHWAY 181,Portland,TX,78374,Supercenter,2005,2005
5493,1/26/2005,1/26/2005,0,48,61,7480 PADRE ISLAND BLVD,Brownsville ,TX,78521,Supercenter,2005,2005
3391,3/23/2005,3/23/2005,0,48,187,6102 FM 3009,Schertz,TX,78154,Supercenter,2005,2005
5247,3/23/2005,3/23/2005,0,48,121,1228 NORTH HIGHWAY 377,Roanoke,TX,76262,Supercenter,2005,2005
5480,3/23/2005,3/23/2005,0,48,491,4700 EAST PALM VALLEY BLVD,Round Rock ,TX,78664,Supercenter,2005,2005
3319,4/13/2005,4/13/2005,0,48,27,2020 HEIGHTS DRIVE,Harker Heights,TX,76548,Supercenter,2005,2005
3320,4/13/2005,4/13/2005,0,48,215,215 EAST MILE 3 ROAD,Palmhurst,TX,78574,Supercenter,2005,2005
5191,5/18/2005,5/18/2005,0,48,257,802 EAST HIGHWAY 80,Forney,TX,75126,Supercenter,2005,2005
5317,5/18/2005,5/18/2005,0,48,453,"9300 SOUTH IH-35 BLDG ""B""",Austin ,TX,78748,Supercenter,2005,2005
3431,8/24/2005,8/24/2005,1,48,367,2801 EAST INTERSTATE 20,Hudson Oaks,TX,76087,Supercenter,2005,2005
3383,10/26/2005,10/26/2005,0,48,381,4215 CANYON DRIVE,Amarillo ,TX,79110,Supercenter,2005,2005
3645,10/26/2005,10/26/2005,0,48,329,200 WEST INTERSTATE 20,Midland ,TX,79701,Supercenter,2005,2005
3764,10/26/2005,10/26/2005,0,48,423,105 CENTENNIAL BLVD,Lindale,TX,75771,Supercenter,2005,2005
5416,10/26/2005,10/26/2005,0,48,439,915 EAST RANDOL MILL ROAD,Arlington ,TX,76011,Supercenter,2005,2005
3302,11/2/2005,11/2/2005,0,48,201,9460 W Sam Houston Pkwy S,Houston,TX,77099,Supercenter,2005,2005
5359,1/25/2006,1/25/2006,0,48,439,721 Boyd Rd,Azle,TX,76020,Supercenter,2006,2006
3406,1/27/2006,1/27/2006,0,48,113,15220 Montfort Dr,Dallas,TX,75248,Supercenter,2006,2006
3425,1/27/2006,1/27/2006,0,48,201,9598 Rowlett Rd,Houston,TX,77034,Supercenter,2006,2006
